case,topology,error_kind,error_pos,local_k,n_rep,pred_error,obs_error,pred_truth,obs_truth
inferior_mi,ring,implausible,hub,2,4,0.10375000000000002,0.0,0.9832500000000001,1.0
inferior_mi,ring,implausible,hub,,4,0.10425000000000001,0.0,1.0,1.0
inferior_mi,ring,implausible,periphery,2,4,0.10350000000000001,0.0,0.9834999999999999,1.0
inferior_mi,ring,implausible,periphery,,4,0.10425000000000001,0.0,1.0,1.0
inferior_mi,ring,plausible,hub,2,4,0.10925000000000001,0.1,0.9832500000000001,0.95
inferior_mi,ring,plausible,hub,,4,0.1155,0.1,1.0,1.0
inferior_mi,ring,plausible,periphery,2,4,0.10850000000000001,0.1,0.9834999999999999,0.9249999999999999
inferior_mi,ring,plausible,periphery,,4,0.11375,0.1,1.0,0.95
inferior_mi,scale_free_cluster,implausible,hub,2,4,0.10300000000000001,0.0,1.0,1.0
inferior_mi,scale_free_cluster,implausible,hub,,4,0.10475000000000001,0.0,1.0,1.0
inferior_mi,scale_free_cluster,implausible,periphery,2,4,0.10350000000000001,0.0,0.9997499999999999,1.0
inferior_mi,scale_free_cluster,implausible,periphery,,4,0.10399999999999998,0.0,1.0,1.0
inferior_mi,scale_free_cluster,plausible,hub,2,4,0.109,0.1,1.0,1.0
inferior_mi,scale_free_cluster,plausible,hub,,4,0.11850000000000001,0.1,1.0,1.0
inferior_mi,scale_free_cluster,plausible,periphery,2,4,0.10875000000000001,0.1,0.9997499999999999,1.0
inferior_mi,scale_free_cluster,plausible,periphery,,4,0.11150000000000002,0.1,1.0,1.0
inferior_mi,small_world,implausible,hub,2,4,0.10400000000000002,0.0,1.0,1.0
inferior_mi,small_world,implausible,hub,,4,0.10425000000000001,0.0,1.0,1.0
inferior_mi,small_world,implausible,periphery,2,4,0.10350000000000001,0.0,1.0,1.0
inferior_mi,small_world,implausible,periphery,,4,0.10425000000000001,0.0,1.0,1.0
inferior_mi,small_world,plausible,hub,2,4,0.109,0.1,1.0,1.0
inferior_mi,small_world,plausible,hub,,4,0.1145,0.1,1.0,1.0
inferior_mi,small_world,plausible,periphery,2,4,0.10850000000000001,0.1,1.0,1.0
inferior_mi,small_world,plausible,periphery,,4,0.11125000000000002,0.1,1.0,1.0
inferior_mi,star,implausible,hub,2,4,0.10375000000000002,0.0,0.9122500000000001,1.0
inferior_mi,star,implausible,hub,,4,0.1175,0.0,0.9997499999999999,1.0
inferior_mi,star,implausible,periphery,2,4,0.10350000000000001,0.0,0.8987500000000002,0.925
inferior_mi,star,implausible,periphery,,4,0.10350000000000001,0.0,0.9997499999999999,1.0
inferior_mi,star,plausible,hub,2,4,0.10875,0.1,0.9122500000000001,1.0
inferior_mi,star,plausible,hub,,4,0.19524999999999998,0.1,0.9997499999999999,1.0
inferior_mi,star,plausible,periphery,2,4,0.10850000000000001,0.1,0.8987500000000002,0.9249999999999999
inferior_mi,star,plausible,periphery,,4,0.10925000000000001,0.1,0.9997499999999999,0.975
lupus,ring,implausible,hub,2,4,0.10375000000000002,0.07500000000000001,0.9997499999999999,1.0
lupus,ring,implausible,hub,,4,0.10425000000000001,0.07500000000000001,1.0,1.0
lupus,ring,implausible,periphery,2,4,0.10350000000000001,0.025,0.9995,1.0
lupus,ring,implausible,periphery,,4,0.10425000000000001,0.1,1.0,1.0
lupus,ring,plausible,hub,2,4,0.23825,0.1,0.9997499999999999,1.0
lupus,ring,plausible,hub,,4,0.6482499999999999,0.25,1.0,1.0
lupus,ring,plausible,periphery,2,4,0.23274999999999998,0.1,0.9995,1.0
lupus,ring,plausible,periphery,,4,0.6535,0.35,1.0,1.0
lupus,scale_free_cluster,implausible,hub,2,4,0.10300000000000001,0.1,1.0,1.0
lupus,scale_free_cluster,implausible,hub,,4,0.10475000000000001,0.1,1.0,1.0
lupus,scale_free_cluster,implausible,periphery,2,4,0.10350000000000001,0.1,1.0,1.0
lupus,scale_free_cluster,implausible,periphery,,4,0.10399999999999998,0.05,1.0,1.0
lupus,scale_free_cluster,plausible,hub,2,4,0.473,0.1,1.0,1.0
lupus,scale_free_cluster,plausible,hub,,4,0.8540000000000001,0.1,1.0,1.0
lupus,scale_free_cluster,plausible,periphery,2,4,0.35650000000000004,0.1,1.0,1.0
lupus,scale_free_cluster,plausible,periphery,,4,0.7005000000000001,0.35,1.0,1.0
lupus,small_world,implausible,hub,2,4,0.10400000000000002,0.07500000000000001,1.0,1.0
lupus,small_world,implausible,hub,,4,0.10425000000000001,0.07500000000000001,1.0,1.0
lupus,small_world,implausible,periphery,2,4,0.10350000000000001,0.1,1.0,1.0
lupus,small_world,implausible,periphery,,4,0.10425000000000001,0.1,1.0,1.0
lupus,small_world,plausible,hub,2,4,0.5714999999999999,0.1,1.0,1.0
lupus,small_world,plausible,hub,,4,0.8952500000000001,0.4,1.0,1.0
lupus,small_world,plausible,periphery,2,4,0.4784999999999999,0.1,1.0,1.0
lupus,small_world,plausible,periphery,,4,0.8220000000000002,0.525,1.0,1.0
lupus,star,implausible,hub,2,4,0.10375000000000002,0.1,0.9840000000000001,1.0
lupus,star,implausible,hub,,4,0.1175,0.1,1.0,1.0
lupus,star,implausible,periphery,2,4,0.10350000000000001,0.05,0.9817500000000001,0.9
lupus,star,implausible,periphery,,4,0.10350000000000001,0.1,1.0,1.0
lupus,star,plausible,hub,2,4,0.201,0.1,0.9840000000000001,1.0
lupus,star,plausible,hub,,4,0.9377500000000001,0.8,1.0,1.0
lupus,star,plausible,periphery,2,4,0.23525,0.1,0.9817500000000001,1.0
lupus,star,plausible,periphery,,4,0.6855,0.1,1.0,1.0
pneumonia,complete,implausible,hub,2,3,0.12200000000000003,0.10000000000000002,0.9992500000000001,1.0
pneumonia,complete,implausible,hub,,3,0.135,0.10000000000000002,0.9992500000000001,1.0
pneumonia,complete,implausible,periphery,2,3,0.12025000000000002,0.10000000000000002,0.9992500000000001,1.0
pneumonia,complete,implausible,periphery,,3,0.13425,0.10000000000000002,0.9992500000000001,1.0
pneumonia,complete,plausible,hub,2,3,0.12200000000000003,0.10000000000000002,0.9992500000000001,1.0
pneumonia,complete,plausible,hub,,3,0.135,0.5,0.9992500000000001,1.0
pneumonia,complete,plausible,periphery,2,3,0.12025000000000002,0.10000000000000002,0.9992500000000001,1.0
pneumonia,complete,plausible,periphery,,3,0.13425,0.13333333333333333,0.9992500000000001,1.0
pneumonia,ring,implausible,hub,2,3,0.11575,0.10000000000000002,0.6355,0.3
pneumonia,ring,implausible,hub,,3,0.13325,0.10000000000000002,0.9830000000000001,0.4000000000000001
pneumonia,ring,implausible,periphery,2,3,0.115,0.10000000000000002,0.64425,0.3
pneumonia,ring,implausible,periphery,,3,0.13025000000000003,0.10000000000000002,0.9834999999999999,0.4000000000000001
pneumonia,ring,plausible,hub,2,3,0.11575,0.10000000000000002,0.6355,0.3
pneumonia,ring,plausible,hub,,3,0.13325,0.10000000000000002,0.9830000000000001,0.3
pneumonia,ring,plausible,periphery,2,3,0.115,0.10000000000000002,0.64425,0.3
pneumonia,ring,plausible,periphery,,3,0.13025000000000003,0.2333333333333333,0.9834999999999999,0.3
pneumonia,scale_free_cluster,implausible,hub,2,3,0.11650000000000002,0.10000000000000002,0.993,1.0
pneumonia,scale_free_cluster,implausible,hub,,3,0.14125000000000001,0.10000000000000002,0.996,0.9666666666666667
pneumonia,scale_free_cluster,implausible,periphery,2,3,0.11475000000000002,0.10000000000000002,0.932,0.6999999999999998
pneumonia,scale_free_cluster,implausible,periphery,,3,0.12450000000000003,0.13333333333333333,0.996,0.8333333333333334
pneumonia,scale_free_cluster,plausible,hub,2,3,0.11650000000000002,0.10000000000000002,0.993,0.6666666666666666
pneumonia,scale_free_cluster,plausible,hub,,3,0.14125000000000001,0.16666666666666666,0.996,1.0
pneumonia,scale_free_cluster,plausible,periphery,2,3,0.11475000000000002,0.10000000000000002,0.932,0.6999999999999998
pneumonia,scale_free_cluster,plausible,periphery,,3,0.12450000000000003,0.26666666666666666,0.996,0.7999999999999999
pneumonia,small_world,implausible,hub,2,3,0.11775000000000001,0.10000000000000002,0.99625,1.0
pneumonia,small_world,implausible,hub,,3,0.13500000000000004,0.10000000000000002,0.996,1.0
pneumonia,small_world,implausible,periphery,2,3,0.11600000000000002,0.10000000000000002,0.9955000000000002,1.0
pneumonia,small_world,implausible,periphery,,3,0.12475000000000001,0.10000000000000002,0.9955000000000002,1.0
pneumonia,small_world,plausible,hub,2,3,0.11775000000000001,0.10000000000000002,0.99625,1.0
pneumonia,small_world,plausible,hub,,3,0.13500000000000004,0.16666666666666666,0.996,1.0
pneumonia,small_world,plausible,periphery,2,3,0.11600000000000002,0.10000000000000002,0.9955000000000002,1.0
pneumonia,small_world,plausible,periphery,,3,0.12475000000000001,0.26666666666666666,0.9955000000000002,1.0
pneumonia,star,implausible,hub,2,3,0.11475000000000002,0.10000000000000002,0.59075,0.4000000000000001
pneumonia,star,implausible,hub,,3,0.31225,0.20000000000000004,0.9932500000000001,0.8666666666666667
pneumonia,star,implausible,periphery,2,3,0.11450000000000003,0.10000000000000002,0.52475,0.3
pneumonia,star,implausible,periphery,,3,0.12175000000000001,0.10000000000000002,0.9940000000000001,1.0
pneumonia,star,plausible,hub,2,3,0.11475000000000002,0.10000000000000002,0.59075,0.4000000000000001
pneumonia,star,plausible,hub,,3,0.31225,0.46666666666666673,0.9932500000000001,0.6666666666666666
pneumonia,star,plausible,periphery,2,3,0.11450000000000003,0.10000000000000002,0.52475,0.3
pneumonia,star,plausible,periphery,,3,0.12175000000000001,0.10000000000000002,0.9940000000000001,0.9
