p_fp,target_far,rho,n,n_eff,k,far,tar,floor_far
0.01,0.001,0.0,3,3.0,2,0.00029800000000000003,0.972,1.0000000000000002e-06
0.01,0.001,0.0,5,5.0,2,0.0009801496000000002,0.99954,1.0000000000000002e-10
0.01,0.001,0.0,10,10.0,3,0.00011384911790577965,0.9999996264,1.0000000000000002e-20
0.01,0.001,0.2,3,2.14,3,0.0007071999999995748,0.7728000000000002,0.0007071999999995748
0.01,0.001,0.2,5,2.78,4,0.0009152380342833943,0.8743680000000001,0.00015509906285482433
0.01,0.001,0.2,10,3.57,7,0.0007038549430880003,0.9138225422966154,1.5642782042024628e-05
0.01,0.001,0.5,3,1.5,,,,0.0033834999999997617
0.01,0.001,0.5,5,1.67,,,,0.0020419591674996074
0.01,0.001,0.5,10,1.82,,,,0.0010286148489289104
0.01,0.0001,0.0,3,3.0,3,1.0000000000000002e-06,0.7290000000000001,1.0000000000000002e-06
0.01,0.0001,0.0,5,5.0,3,9.850600000000002e-06,0.99144,1.0000000000000002e-10
0.01,0.0001,0.0,10,10.0,4,2.0012761569408403e-06,0.9999908784,1.0000000000000002e-20
0.01,0.0001,0.2,3,2.14,,,,0.0007071999999995748
0.01,0.0001,0.2,5,2.78,,,,0.00015509906285482433
0.01,0.0001,0.2,10,3.57,9,8.41664732998959e-05,0.7552981971889234,1.5642782042024628e-05
0.01,0.0001,0.5,3,1.5,,,,0.0033834999999997617
0.01,0.0001,0.5,5,1.67,,,,0.0020419591674996074
0.01,0.0001,0.5,10,1.82,,,,0.0010286148489289104
0.05,0.001,0.0,3,3.0,3,0.00012500000000000003,0.7290000000000001,0.00012500000000000003
0.05,0.001,0.0,5,5.0,4,3.0000000000000008e-05,0.91854,3.125000000000001e-07
0.05,0.001,0.0,10,10.0,5,6.36898314453125e-05,0.9998530974,9.765625000000005e-14
0.05,0.001,0.2,3,2.14,,,,0.004399999999999626
0.05,0.001,0.2,5,2.78,,,,0.0010559999999987246
0.05,0.001,0.2,10,3.57,9,0.0006143098879979325,0.7552981971889234,0.0001197383679979458
0.05,0.001,0.5,3,1.5,,,,0.01793750000000005
0.05,0.001,0.5,5,1.67,,,,0.01107864843750006
0.05,0.001,0.5,10,1.82,,,,0.005748907534206094
0.05,0.0001,0.0,3,3.0,,,,0.00012500000000000003
0.05,0.0001,0.0,5,5.0,4,3.0000000000000008e-05,0.91854,3.125000000000001e-07
0.05,0.0001,0.0,10,10.0,5,6.36898314453125e-05,0.9998530974,9.765625000000005e-14
0.05,0.0001,0.2,3,2.14,,,,0.004399999999999626
0.05,0.0001,0.2,5,2.78,,,,0.0010559999999987246
0.05,0.0001,0.2,10,3.57,,,,0.0001197383679979458
0.05,0.0001,0.5,3,1.5,,,,0.01793750000000005
0.05,0.0001,0.5,5,1.67,,,,0.01107864843750006
0.05,0.0001,0.5,10,1.82,,,,0.005748907534206094
