topology,error_kind,gate_k,shared_prompt_share_old,error_old,error_new,error_delta,error_lo,error_hi,truth_old,truth_new,truth_delta,truth_lo,truth_hi
complete,implausible,1,0.0,0.09999999999999999,0.09999999999999999,0.0,0.0,0.0,1.0,1.0,0.0,0.0,0.0
complete,implausible,2,0.0,0.09999999999999999,0.09999999999999999,0.0,0.0,0.0,1.0,1.0,0.0,0.0,0.0
complete,plausible,1,0.0,0.3166666666666667,0.39999999999999997,0.08333333333333326,-0.1833333333333333,0.33333333333333326,1.0,1.0,0.0,0.0,0.0
complete,plausible,2,0.0,0.09999999999999999,0.09999999999999999,0.0,0.0,0.0,1.0,1.0,0.0,0.0,0.0
ring,implausible,1,0.0,0.059090909090909104,0.05454545454545456,-0.004545454545454547,-0.03181818181818185,0.022727272727272756,0.836363636363636,0.836363636363636,0.0,-0.16363636363636347,0.16363636363636347
ring,implausible,2,0.0,0.04545454545454545,0.05454545454545456,0.009090909090909108,-0.022727272727272735,0.04090909090909093,0.8090909090909093,0.8090909090909093,0.0,-0.1909090909090907,0.19090909090909092
ring,plausible,1,0.0,0.19090909090909094,0.18181818181818185,-0.009090909090909094,-0.07727272727272724,0.0636363636363636,0.8000000000000003,0.790909090909091,-0.00909090909090926,-0.19999999999999996,0.1681818181818181
ring,plausible,2,0.0,0.10000000000000003,0.10000000000000003,0.0,0.0,0.0,0.7863636363636366,0.790909090909091,0.004545454545454408,-0.16829545454545455,0.17727272727272714
scale_free_cluster,implausible,1,0.0,0.05909090909090909,0.06363636363636364,0.004545454545454554,-0.02727272727272729,0.03636363636363639,0.9727272727272727,0.9636363636363637,-0.009090909090908927,-0.05454545454545434,0.03636363636363649
scale_free_cluster,implausible,2,0.0,0.06363636363636366,0.04545454545454545,-0.01818181818181821,-0.045454545454545484,0.009090909090909101,0.959090909090909,0.959090909090909,0.0,-0.054545454545454675,0.06818181818181823
scale_free_cluster,plausible,1,0.0,0.17727272727272728,0.1681818181818182,-0.009090909090909066,-0.07272727272727267,0.05454545454545455,0.9727272727272727,0.9545454545454544,-0.0181818181818183,-0.07727272727272727,0.03647727272727234
scale_free_cluster,plausible,2,0.0,0.10000000000000003,0.10000000000000003,0.0,0.0,0.0,0.9136363636363636,0.8818181818181817,-0.03181818181818186,-0.13181818181818172,0.07727272727272716
small_world,implausible,1,0.0,0.059090909090909104,0.05454545454545456,-0.004545454545454547,-0.03181818181818184,0.02272727272727275,1.0,1.0,0.0,0.0,0.0
small_world,implausible,2,0.0,0.059090909090909104,0.05454545454545456,-0.004545454545454547,-0.03181818181818185,0.02272727272727275,1.0,1.0,0.0,0.0,0.0
small_world,plausible,1,0.0,0.2636363636363636,0.18181818181818185,-0.08181818181818176,-0.19545454545454544,0.03636363636363632,1.0,1.0,0.0,0.0,0.0
small_world,plausible,2,0.0,0.10000000000000003,0.10000000000000003,0.0,0.0,0.0,1.0,1.0,0.0,0.0,0.0
star,implausible,1,0.8451704545454546,0.07727272727272728,0.08636363636363638,0.009090909090909094,-0.040909090909090895,0.054659090909090324,0.9818181818181819,0.9909090909090907,0.009090909090908816,-0.01363636363636389,0.036363636363636376
star,implausible,2,0.8451704545454546,0.05454545454545456,0.049999999999999996,-0.004545454545454561,-0.03181818181818184,0.02272727272727275,0.790909090909091,0.7863636363636364,-0.00454545454545463,-0.168181818181818,0.15011363636363576
star,plausible,1,0.8451704545454546,0.27727272727272717,0.29090909090909084,0.013636363636363669,-0.1590909090909091,0.17272727272727273,0.9363636363636361,0.9227272727272726,-0.013636363636363447,-0.09999999999999998,0.07272727272727264
star,plausible,2,0.8451704545454546,0.10000000000000003,0.10000000000000003,0.0,0.0,0.0,0.809090909090909,0.809090909090909,0.0,-0.16363636363636347,0.16363636363636347
