case,topology,error_kind,error_pos,gate_k,error_old,error_new,error_delta,error_lo,error_hi,truth_old,truth_new,truth_delta,truth_lo,truth_hi,trials_old,trials_new
inferior_mi,ring,implausible,hub,1,0.0,0.0,0.0,0.0,0.0,1.0,1.0,0.0,0.0,0.0,4,4
inferior_mi,ring,implausible,hub,2,0.0,0.0,0.0,0.0,0.0,1.0,1.0,0.0,0.0,0.0,4,4
inferior_mi,ring,implausible,periphery,1,0.0,0.0,0.0,0.0,0.0,1.0,1.0,0.0,0.0,0.0,4,4
inferior_mi,ring,implausible,periphery,2,0.0,0.0,0.0,0.0,0.0,1.0,1.0,0.0,0.0,0.0,4,4
inferior_mi,ring,plausible,hub,1,0.1,0.1,0.0,0.0,0.0,1.0,0.9249999999999999,-0.07500000000000007,-0.09999999999999998,-0.025000000000000022,4,4
inferior_mi,ring,plausible,hub,2,0.1,0.1,0.0,0.0,0.0,0.95,0.9249999999999999,-0.025000000000000022,-0.07500000000000007,0.04999999999999993,4,4
inferior_mi,ring,plausible,periphery,1,0.1,0.1,0.0,0.0,0.0,0.95,0.975,0.025000000000000022,-0.050000000000000044,0.07500000000000007,4,4
inferior_mi,ring,plausible,periphery,2,0.1,0.1,0.0,0.0,0.0,0.9249999999999999,0.975,0.050000000000000044,-0.02499999999999991,0.09999999999999998,4,4
inferior_mi,scale_free_cluster,implausible,hub,1,0.0,0.0,0.0,0.0,0.0,1.0,1.0,0.0,0.0,0.0,4,4
inferior_mi,scale_free_cluster,implausible,hub,2,0.0,0.0,0.0,0.0,0.0,1.0,1.0,0.0,0.0,0.0,4,4
inferior_mi,scale_free_cluster,implausible,periphery,1,0.0,0.0,0.0,0.0,0.0,1.0,1.0,0.0,0.0,0.0,4,4
inferior_mi,scale_free_cluster,implausible,periphery,2,0.0,0.0,0.0,0.0,0.0,1.0,1.0,0.0,0.0,0.0,4,4
inferior_mi,scale_free_cluster,plausible,hub,1,0.1,0.1,0.0,0.0,0.0,1.0,1.0,0.0,0.0,0.0,4,4
inferior_mi,scale_free_cluster,plausible,hub,2,0.1,0.1,0.0,0.0,0.0,1.0,0.975,-0.025000000000000022,-0.07500000000000007,0.0,4,4
inferior_mi,scale_free_cluster,plausible,periphery,1,0.1,0.1,0.0,0.0,0.0,1.0,0.975,-0.025000000000000022,-0.07500000000000007,0.0,4,4
inferior_mi,scale_free_cluster,plausible,periphery,2,0.1,0.1,0.0,0.0,0.0,1.0,0.975,-0.025000000000000022,-0.07500000000000007,0.0,4,4
inferior_mi,small_world,implausible,hub,1,0.0,0.0,0.0,0.0,0.0,1.0,1.0,0.0,0.0,0.0,4,4
inferior_mi,small_world,implausible,hub,2,0.0,0.0,0.0,0.0,0.0,1.0,1.0,0.0,0.0,0.0,4,4
inferior_mi,small_world,implausible,periphery,1,0.0,0.0,0.0,0.0,0.0,1.0,1.0,0.0,0.0,0.0,4,4
inferior_mi,small_world,implausible,periphery,2,0.0,0.0,0.0,0.0,0.0,1.0,1.0,0.0,0.0,0.0,4,4
inferior_mi,small_world,plausible,hub,1,0.1,0.1,0.0,0.0,0.0,1.0,1.0,0.0,0.0,0.0,4,4
inferior_mi,small_world,plausible,hub,2,0.1,0.1,0.0,0.0,0.0,1.0,1.0,0.0,0.0,0.0,4,4
inferior_mi,small_world,plausible,periphery,1,0.1,0.1,0.0,0.0,0.0,1.0,1.0,0.0,0.0,0.0,4,4
inferior_mi,small_world,plausible,periphery,2,0.1,0.1,0.0,0.0,0.0,1.0,1.0,0.0,0.0,0.0,4,4
inferior_mi,star,implausible,hub,1,0.0,0.0,0.0,0.0,0.0,1.0,1.0,0.0,0.0,0.0,4,4
inferior_mi,star,implausible,hub,2,0.0,0.0,0.0,0.0,0.0,1.0,1.0,0.0,0.0,0.0,4,4
inferior_mi,star,implausible,periphery,1,0.0,0.0,0.0,0.0,0.0,1.0,1.0,0.0,0.0,0.0,4,4
inferior_mi,star,implausible,periphery,2,0.0,0.0,0.0,0.0,0.0,0.925,0.9,-0.025000000000000022,-0.07499999999999996,0.0,4,4
inferior_mi,star,plausible,hub,1,0.1,0.125,0.024999999999999994,0.0,0.07499999999999998,1.0,1.0,0.0,0.0,0.0,4,4
inferior_mi,star,plausible,hub,2,0.1,0.1,0.0,0.0,0.0,1.0,1.0,0.0,0.0,0.0,4,4
inferior_mi,star,plausible,periphery,1,0.1,0.1,0.0,0.0,0.0,0.975,1.0,0.025000000000000022,0.0,0.07500000000000007,4,4
inferior_mi,star,plausible,periphery,2,0.1,0.1,0.0,0.0,0.0,0.9249999999999999,0.9249999999999999,0.0,-0.050000000000000044,0.050000000000000044,4,4
lupus,ring,implausible,hub,1,0.07500000000000001,0.07500000000000001,0.0,-0.05000000000000001,0.05000000000000001,1.0,1.0,0.0,0.0,0.0,4,4
lupus,ring,implausible,hub,2,0.07500000000000001,0.07500000000000001,0.0,-0.05000000000000001,0.05000000000000001,1.0,1.0,0.0,0.0,0.0,4,4
lupus,ring,implausible,periphery,1,0.1,0.07500000000000001,-0.024999999999999994,-0.07500000000000001,0.0,1.0,1.0,0.0,0.0,0.0,4,4
lupus,ring,implausible,periphery,2,0.025,0.07500000000000001,0.05000000000000001,-0.025,0.1,1.0,1.0,0.0,0.0,0.0,4,4
lupus,ring,plausible,hub,1,0.25,0.15000000000000002,-0.09999999999999998,-0.25,0.05000000000000002,1.0,1.0,0.0,0.0,0.0,4,4
lupus,ring,plausible,hub,2,0.1,0.1,0.0,0.0,0.0,1.0,1.0,0.0,0.0,0.0,4,4
lupus,ring,plausible,periphery,1,0.35,0.425,0.07500000000000001,-0.050000000000000044,0.175,1.0,1.0,0.0,0.0,0.0,4,4
lupus,ring,plausible,periphery,2,0.1,0.1,0.0,0.0,0.0,1.0,1.0,0.0,0.0,0.0,4,4
lupus,scale_free_cluster,implausible,hub,1,0.1,0.1,0.0,0.0,0.0,1.0,1.0,0.0,0.0,0.0,4,4
lupus,scale_free_cluster,implausible,hub,2,0.1,0.1,0.0,0.0,0.0,1.0,1.0,0.0,0.0,0.0,4,4
lupus,scale_free_cluster,implausible,periphery,1,0.05,0.07500000000000001,0.02500000000000001,-0.05,0.07500000000000001,1.0,1.0,0.0,0.0,0.0,4,4
lupus,scale_free_cluster,implausible,periphery,2,0.1,0.0,-0.1,-0.1,-0.1,1.0,1.0,0.0,0.0,0.0,4,4
lupus,scale_free_cluster,plausible,hub,1,0.1,0.1,0.0,0.0,0.0,1.0,1.0,0.0,0.0,0.0,4,4
lupus,scale_free_cluster,plausible,hub,2,0.1,0.1,0.0,0.0,0.0,1.0,1.0,0.0,0.0,0.0,4,4
lupus,scale_free_cluster,plausible,periphery,1,0.35,0.375,0.025000000000000022,-0.04999999999999999,0.07500000000000007,1.0,1.0,0.0,0.0,0.0,4,4
lupus,scale_free_cluster,plausible,periphery,2,0.1,0.1,0.0,0.0,0.0,1.0,1.0,0.0,0.0,0.0,4,4
lupus,small_world,implausible,hub,1,0.07500000000000001,0.05,-0.02500000000000001,-0.07500000000000001,0.05,1.0,1.0,0.0,0.0,0.0,4,4
lupus,small_world,implausible,hub,2,0.07500000000000001,0.05,-0.02500000000000001,-0.07500000000000001,0.05,1.0,1.0,0.0,0.0,0.0,4,4
lupus,small_world,implausible,periphery,1,0.1,0.1,0.0,0.0,0.0,1.0,1.0,0.0,0.0,0.0,4,4
lupus,small_world,implausible,periphery,2,0.1,0.1,0.0,0.0,0.0,1.0,1.0,0.0,0.0,0.0,4,4
lupus,small_world,plausible,hub,1,0.4,0.275,-0.125,-0.3499999999999999,0.07499999999999996,1.0,1.0,0.0,0.0,0.0,4,4
lupus,small_world,plausible,hub,2,0.1,0.1,0.0,0.0,0.0,1.0,1.0,0.0,0.0,0.0,4,4
lupus,small_world,plausible,periphery,1,0.525,0.375,-0.15000000000000002,-0.55,0.20000000000000007,1.0,1.0,0.0,0.0,0.0,4,4
lupus,small_world,plausible,periphery,2,0.1,0.1,0.0,0.0,0.0,1.0,1.0,0.0,0.0,0.0,4,4
lupus,star,implausible,hub,1,0.1,0.1,0.0,0.0,0.0,1.0,1.0,0.0,0.0,0.0,4,4
lupus,star,implausible,hub,2,0.1,0.1,0.0,0.0,0.0,1.0,1.0,0.0,0.0,0.0,4,4
lupus,star,implausible,periphery,1,0.1,0.1,0.0,0.0,0.0,1.0,1.0,0.0,0.0,0.0,4,4
lupus,star,implausible,periphery,2,0.05,0.025,-0.025,-0.07500000000000001,0.05,0.9,0.9,0.0,0.0,0.0,4,4
lupus,star,plausible,hub,1,0.8,0.7749999999999999,-0.025000000000000133,-0.17500000000000004,0.10000000000000009,1.0,1.0,0.0,0.0,0.0,4,4
lupus,star,plausible,hub,2,0.1,0.1,0.0,0.0,0.0,1.0,1.0,0.0,0.0,0.0,4,4
lupus,star,plausible,periphery,1,0.1,0.1,0.0,0.0,0.0,1.0,1.0,0.0,0.0,0.0,4,4
lupus,star,plausible,periphery,2,0.1,0.1,0.0,0.0,0.0,1.0,1.0,0.0,0.0,0.0,4,4
pneumonia,complete,implausible,hub,1,0.10000000000000002,0.10000000000000002,0.0,0.0,0.0,1.0,1.0,0.0,0.0,0.0,3,3
pneumonia,complete,implausible,hub,2,0.10000000000000002,0.10000000000000002,0.0,0.0,0.0,1.0,1.0,0.0,0.0,0.0,3,3
pneumonia,complete,implausible,periphery,1,0.10000000000000002,0.10000000000000002,0.0,0.0,0.0,1.0,1.0,0.0,0.0,0.0,3,3
pneumonia,complete,implausible,periphery,2,0.10000000000000002,0.10000000000000002,0.0,0.0,0.0,1.0,1.0,0.0,0.0,0.0,3,3
pneumonia,complete,plausible,hub,1,0.5,0.6333333333333333,0.1333333333333333,-0.06666666666666654,0.26666666666666655,1.0,1.0,0.0,0.0,0.0,3,3
pneumonia,complete,plausible,hub,2,0.10000000000000002,0.10000000000000002,0.0,0.0,0.0,1.0,1.0,0.0,0.0,0.0,3,3
pneumonia,complete,plausible,periphery,1,0.13333333333333333,0.16666666666666666,0.033333333333333326,-0.06666666666666664,0.13333333333333333,1.0,1.0,0.0,0.0,0.0,3,3
pneumonia,complete,plausible,periphery,2,0.10000000000000002,0.10000000000000002,0.0,0.0,0.0,1.0,1.0,0.0,0.0,0.0,3,3
pneumonia,ring,implausible,hub,1,0.10000000000000002,0.10000000000000002,0.0,0.0,0.0,0.4000000000000001,0.4000000000000001,0.0,0.0,0.0,3,3
pneumonia,ring,implausible,hub,2,0.10000000000000002,0.10000000000000002,0.0,0.0,0.0,0.3,0.3,0.0,0.0,0.0,3,3
pneumonia,ring,implausible,periphery,1,0.10000000000000002,0.10000000000000002,0.0,0.0,0.0,0.4000000000000001,0.4000000000000001,0.0,0.0,0.0,3,3
pneumonia,ring,implausible,periphery,2,0.10000000000000002,0.10000000000000002,0.0,0.0,0.0,0.3,0.3,0.0,0.0,0.0,3,3
pneumonia,ring,plausible,hub,1,0.10000000000000002,0.13333333333333333,0.03333333333333331,0.0,0.10000000000000002,0.3,0.3,0.0,0.0,0.0,3,3
pneumonia,ring,plausible,hub,2,0.10000000000000002,0.10000000000000002,0.0,0.0,0.0,0.3,0.3,0.0,0.0,0.0,3,3
pneumonia,ring,plausible,periphery,1,0.2333333333333333,0.16666666666666666,-0.06666666666666665,-0.13333333333333333,0.0,0.3,0.3,0.0,0.0,0.0,3,3
pneumonia,ring,plausible,periphery,2,0.10000000000000002,0.10000000000000002,0.0,0.0,0.0,0.3,0.3,0.0,0.0,0.0,3,3
pneumonia,scale_free_cluster,implausible,hub,1,0.10000000000000002,0.10000000000000002,0.0,0.0,0.0,0.9666666666666667,0.9333333333333332,-0.03333333333333344,-0.16666666666666652,0.06666666666666676,3,3
pneumonia,scale_free_cluster,implausible,hub,2,0.10000000000000002,0.10000000000000002,0.0,0.0,0.0,1.0,1.0,0.0,0.0,0.0,3,3
pneumonia,scale_free_cluster,implausible,periphery,1,0.13333333333333333,0.13333333333333333,0.0,-0.06666666666666664,0.06666666666666671,0.8333333333333334,0.8000000000000002,-0.033333333333333215,-0.19999999999999984,0.10000000000000031,3,3
pneumonia,scale_free_cluster,implausible,periphery,2,0.10000000000000002,0.10000000000000002,0.0,0.0,0.0,0.6999999999999998,0.6999999999999998,0.0,0.0,0.0,3,3
pneumonia,scale_free_cluster,plausible,hub,1,0.16666666666666666,0.10000000000000002,-0.06666666666666664,-0.10000000000000002,0.0,1.0,1.0,0.0,0.0,0.0,3,3
pneumonia,scale_free_cluster,plausible,hub,2,0.10000000000000002,0.10000000000000002,0.0,0.0,0.0,0.6666666666666666,0.5,-0.16666666666666663,-0.5,0.0,3,3
pneumonia,scale_free_cluster,plausible,periphery,1,0.26666666666666666,0.2333333333333333,-0.033333333333333354,-0.09999999999999995,0.033333333333333354,0.7999999999999999,0.6999999999999998,-0.10000000000000009,-0.30000000000000016,0.0,3,3
pneumonia,scale_free_cluster,plausible,periphery,2,0.10000000000000002,0.10000000000000002,0.0,0.0,0.0,0.6999999999999998,0.6999999999999998,0.0,0.0,0.0,3,3
pneumonia,small_world,implausible,hub,1,0.10000000000000002,0.10000000000000002,0.0,0.0,0.0,1.0,1.0,0.0,0.0,0.0,3,3
pneumonia,small_world,implausible,hub,2,0.10000000000000002,0.10000000000000002,0.0,0.0,0.0,1.0,1.0,0.0,0.0,0.0,3,3
pneumonia,small_world,implausible,periphery,1,0.10000000000000002,0.10000000000000002,0.0,0.0,0.0,1.0,1.0,0.0,0.0,0.0,3,3
pneumonia,small_world,implausible,periphery,2,0.10000000000000002,0.10000000000000002,0.0,0.0,0.0,1.0,1.0,0.0,0.0,0.0,3,3
pneumonia,small_world,plausible,hub,1,0.16666666666666666,0.10000000000000002,-0.06666666666666664,-0.10000000000000002,0.0,1.0,1.0,0.0,0.0,0.0,3,3
pneumonia,small_world,plausible,hub,2,0.10000000000000002,0.10000000000000002,0.0,0.0,0.0,1.0,1.0,0.0,0.0,0.0,3,3
pneumonia,small_world,plausible,periphery,1,0.26666666666666666,0.10000000000000002,-0.16666666666666663,-0.19999999999999996,-0.10000000000000002,1.0,1.0,0.0,0.0,0.0,3,3
pneumonia,small_world,plausible,periphery,2,0.10000000000000002,0.10000000000000002,0.0,0.0,0.0,1.0,1.0,0.0,0.0,0.0,3,3
pneumonia,star,implausible,hub,1,0.20000000000000004,0.26666666666666666,0.06666666666666662,-0.033333333333333354,0.16666666666666666,0.8666666666666667,0.9333333333333332,0.06666666666666654,-0.06666666666666676,0.16666666666666652,3,3
pneumonia,star,implausible,hub,2,0.10000000000000002,0.10000000000000002,0.0,0.0,0.0,0.4000000000000001,0.4000000000000001,0.0,0.0,0.0,3,3
pneumonia,star,implausible,periphery,1,0.10000000000000002,0.10000000000000002,0.0,0.0,0.0,1.0,1.0,0.0,0.0,0.0,3,3
pneumonia,star,implausible,periphery,2,0.10000000000000002,0.10000000000000002,0.0,0.0,0.0,0.3,0.3,0.0,0.0,0.0,3,3
pneumonia,star,plausible,hub,1,0.46666666666666673,0.5666666666666667,0.09999999999999992,-0.06666666666666676,0.26666666666666666,0.6666666666666666,0.5333333333333333,-0.1333333333333333,-0.3666666666666667,0.06666666666666665,3,3
pneumonia,star,plausible,hub,2,0.10000000000000002,0.10000000000000002,0.0,0.0,0.0,0.4000000000000001,0.4000000000000001,0.0,0.0,0.0,3,3
pneumonia,star,plausible,periphery,1,0.10000000000000002,0.10000000000000002,0.0,0.0,0.0,0.9,0.9,0.0,0.0,0.0,3,3
pneumonia,star,plausible,periphery,2,0.10000000000000002,0.10000000000000002,0.0,0.0,0.0,0.3,0.3,0.0,0.0,0.0,3,3
